redshift,masa,radio,Clase
4.1268836075276765,8095232364.576949,0.2958125346979409,0
2.7097087629124297,6070003012.108163,0.192992654401517,0
3.014179171349596,7320764443.216065,0.2393942189123737,0
1.005501758264593,36784255197.40785,1.172560489571516,1
1.9708311337826336,9432643415.330557,0.2845703838484237,0
2.8344151478448487,22308936904.388447,0.7173296724236196,0
2.1266611991628865,351487396.8213123,0.0106901537339183,-1
2.5594820614090734,47146694800.24879,1.4797361600455563,1
4.7879748391834145,6120032301.984799,0.2388743571944515,0
3.1965811911853654,36722869060.38191,1.222244804492217,1
0.9173580943182492,7304481587.710404,0.2387160475301699,0
3.942055446397223,15822190149.51061,0.5674737470767156,0
4.406518575238048,7328354230.040449,0.27541931925286,0
0.33489753449026,44403585375.799194,2.398829788917458,1
2.342058597492983,1409870895.6825762,0.0434989141485956,-1
3.5079677321450804,5659903268.587793,0.1942944373182906,0
1.2992720043421675,2501152750.78586,0.0760026054210033,-1
0.6108213795067028,36454787527.12056,1.392769147123764,1
2.373952325478701,5400730696.759573,0.1670243241382565,0
0.9250083464457344,11380173098.381607,0.3710141213850688,0
2.544585903144081,8466695834.964717,0.2654048346627141,0
3.636067231517288,42003523776.95464,1.460610482015553,1
2.837523903599167,5373202386.037909,0.1728212563536476,0
4.672026914217645,47445805175.312454,1.830845617963636,1
2.0153400515540683,732290102.3474882,0.0221382462626396,-1
1.2487654769988277,36085790319.39484,1.102329779664827,1
3.8934531258810745,4104180184.499305,0.1464774851756596,0
1.929406096360161,27722278271.28407,0.8348823748471228,0
2.1332805444648524,455541849.33566624,0.0138602930285091,-1
4.370403385032419,25554052394.057392,0.9569257327140516,0
4.627337426155933,6790764300.2565365,0.2608869431157231,0
3.5419948667649015,9784720252.23107,0.3370418869137495,0
3.5368841631339345,7685669327.70969,0.264602602905906,0
1.676637302513095,13993011968.88855,0.4189415317476191,0
2.0542017248637405,3481279031.470812,0.1054524750699687,0
0.4115332603884009,39249489450.40572,1.857941062296213,1
2.938869722739261,433879695.41643167,0.0140872907340965,-1
3.720603158000069,13211755165.848877,0.4633560767883267,0
1.2768526614587443,652401045.025864,0.0198684786182481,-1
0.0210867494681301,30092126219.85067,18.44122674833604,1
2.119135242846605,7134456382.464953,0.2168920973118875,0
2.96679239981809,35043577296.71941,1.140802484786914,1
4.11132628172901,3328134086.0002437,0.121424563258925,0
0.3218474988414134,11821364713.241844,0.6560284845189308,0
2.9703674393885375,8770433041.472172,0.2856077383330108,0
3.085104284508277,27251021287.270947,0.897214366338161,0
2.7738431215685586,8231739756.373177,0.2632298481028932,0
4.802302839660797,26258174592.75496,1.0263403785928882,1
2.707119896568466,2874458479.2076135,0.0913710047407746,-1
0.2501994828525684,34107565069.675217,2.265269250635981,1
4.762198618549639,7038860313.462558,0.2740423423545449,0
3.1983267057935283,16262969364.752829,0.5413718689655865,0
0.6254284563171398,1651001063.4424818,0.0623875420475912,-1
0.6805295517482618,43322514853.24437,1.576917136693576,1
4.044160572588559,8872331944.639956,0.3215132380135195,0
2.157327586802396,35367858154.676994,1.077662730853474,1
2.8671059097663196,9395003070.588144,0.3030023675248927,0
2.902056708083497,35552789091.23301,1.1503600304035178,1
2.4439590965296105,6737522741.108274,0.2094904711251987,0
2.5300647657229822,6161500858.543317,0.1929125243635593,0
0.2896559428056773,5879230267.7707405,0.3510757393663934,0
1.1153145802452824,33979562487.6292,1.0582479646930654,1
2.544335247537098,4447169927.908909,0.1394021823206156,0
4.81104226579937,23932480658.530983,0.9362397833977686,0
1.2834350921784068,5971175915.7796755,0.1817267376767329,0
1.0171010680353187,31941429934.85175,1.0153083706300412,1
0.6141186522862707,1286016257.9443731,0.0490089038180465,-1
4.177681868133317,36270985795.55474,1.3322025960766624,1
0.9898601817476068,5684933701.926678,0.1819382668106105,0
3.040805681452448,17589303980.525764,0.5766492214296568,0
0.4799101898915617,4873159458.7608185,0.2108366671610798,0
4.643155894042591,32957559756.23867,1.2681449624823171,1
0.0029426381938934,6693765326.621091,28.76944846120653,1
0.9520954299074468,33911176888.972534,1.0965863222198666,1
4.15782972094419,9134837587.777128,0.3348444050427721,0
3.8954668739949776,20223820515.792343,0.7219317032325119,0
4.652527914302999,39547305.02072203,0.0015231177529598,-1
0.7262156093882074,43324615887.66629,1.5353148340937544,1
2.217448641970627,3101325600.083976,0.0948590389609476,-1
1.6676536730346818,8270702096.243422,0.247612530049662,0
3.4386056664738103,3597118728.239541,0.1226277088600139,0
3.5131251204538354,48210410373.27498,1.6558347038333872,1
0.0729835925340103,2625112990.366905,0.4936033804168327,0
0.6931416225964895,27466932616.682472,0.9920631892986492,0
4.308295420163574,7157291828.134879,0.2663565072521279,0
1.9153792395317264,23701376117.32744,0.7133972502665487,0
0.506853668778027,2269060784.410626,0.0952662478034147,-1
2.922193545805774,49511278694.281334,1.6050265859279966,1
0.5886384065859138,5872172665.355282,0.2283434861845347,0
4.828110715949751,9947583315.29522,0.3898018904426296,0
1.638342221795485,3205123007.2502146,0.095957847907473,-1
0.5950414536693035,45389598341.48588,1.755821109729106,1
3.9370115354422137,7058844675.554211,0.2530412274315104,0
0.5142954719554983,44636792452.91033,1.8594450466666277,1
3.368775305375895,3798262416.990248,0.1285859616854019,0
4.8956092851078585,34802422499.74923,1.372789767460982,1
3.692653928331006,7456670205.368352,0.2607794527950848,0
2.4156893899012077,32588201416.564857,1.0110394002509862,1
0.6761071741393798,5619380389.988437,0.2051131233458838,0
2.9428058178590852,46536467962.61045,1.5115148814557613,1
2.992309793395085,5301945943.612245,0.1730167193086599,0
0.2198477326904053,5550297000.888456,0.406545118110235,0
4.084110905063745,322499826.5270487,0.0117339027392976,-1
0.9057373219614484,39217774882.9538,1.2865163424428263,1
0.0693513019580336,3706934846.258614,0.7304952991708871,0
4.216476435205353,6343547144.582145,0.2339049494119442,0
2.156153930033887,9680273629.597584,0.2949378695164967,0
1.0476774115213423,37376803500.25816,1.1797721509036618,1
1.95523704533183,2238219395.635425,0.0674781801966382,-1
1.4345883695063917,5305376958.4079485,0.1596605031856381,0
0.1050009360223087,8883751814.009712,1.203733193106295,1
3.7870439213346705,10170629720.009844,0.3591025788800791,0
4.56822648222907,8980577217.992922,0.3429981330637919,0
4.814025035597299,32819991753.751484,1.284295419448554,1
3.978979560918509,3761466245.001604,0.13541216887712,0
4.739092175286411,42320558027.50589,1.6439133756618631,1
1.654665603471592,6771509886.59369,0.202726105704338,0
4.951375872888366,122446439.98557162,0.0048562625373607,-1
0.1770819354856897,9158795385.223618,0.7960989399455317,0
1.2130574741854068,7780390932.7641325,0.2387083036118776,0
4.303106421135597,5281481258.723004,0.1964464416578569,0
1.3394334342992549,5717258034.146612,0.173122569549515,0
0.484853363170159,2510813535.5977182,0.1080111316815689,0
4.448496837055436,19128229844.17285,0.7219120423036648,0
4.2209729298649075,5094722300.892463,0.1879421778097765,0
3.719377919439492,16356691970.831495,0.5735827300720758,0
1.2055424105059098,3980065080.3034263,0.1222320527001084,0
2.2009747287301695,15677386154.120932,0.4790045769372283,0
1.7226608859855808,660500313.7841341,0.0197820883627815,-1
2.0026692119968423,15147850498.90352,0.4576621045643344,0
3.5151802035820467,3988385895.036682,0.1370133590284924,0
1.0626759494283948,14153821211.478096,0.4453206731116809,0
4.401994453128498,7853217241.072753,0.2950115815132545,0
1.059053781844148,47296908020.83345,1.489235981589521,1
0.85757626667183,9277297767.692747,0.3095673514998232,0
3.493895440124518,23477822019.66022,0.8048150333759341,0
1.5843129908390776,1765661725.5184565,0.0528862930237884,-1
2.478719934048348,5205294511.349781,0.1622958726192527,0
0.9496847767826808,4300630777.879742,0.1391670259869834,0
3.805004607823189,2426370150.128407,0.0858255230171006,-1
0.0114329896618424,3858789262.9953456,4.3119985086324295,1
3.126945531559323,44184955607.31017,1.4606523155834066,1
3.4915948157307883,8591180852.236797,0.2944360244785561,0
0.5184802605474671,11350212249.41368,0.4707788090286166,0
1.8371408448847169,8326821486.447684,0.2499744295423528,0
1.5860879587528829,32301098264.263107,0.9674805456137208,0
4.035801262104041,5845482513.913545,0.2116482701974169,0
4.984156492508268,32789897445.295475,1.304609668948888,1
3.881664328256369,2665103425.0470967,0.0950037356322718,-1
1.6365525572744468,985780826.6976718,0.0295133679033286,-1
4.27847989703895,2247254292.9574785,0.0833809379813816,-1
2.205880076452964,36613745386.51429,1.1190458117281354,1
4.672767609278893,7308552974.394074,0.2820441482766128,0
0.5177806600077173,5119928993.248439,0.2125146888285411,0
3.3082407400976988,7289376095.637926,0.2452950971936059,0
2.918574153737832,27614003041.721134,0.8948704560780707,0
3.532576415969225,3558703660.5228395,0.1224662095190627,0
4.84984840075763,23717417766.70577,0.9313622458146028,0
0.8281845229691998,2593340377.931005,0.0875444740212058,-1
0.5979121058709721,21290786828.56674,0.8217014631080461,0
4.525940999888036,3001361709.215887,0.1141511186305408,0
2.000043953693716,31913974688.054977,0.9640966378645752,0
2.3844174803752978,9042679693.426031,0.2798767677731775,0
3.3695308469581464,1032159058.0784304,0.0349452276293731,-1
2.619162691793398,9415972588.1439,0.2970232886645037,0
4.2171435205338,15211556374.64202,0.5609317779789941,0
1.1566645089474397,3522295517.546444,0.1089407193849821,0
0.4538200367849345,17196134890.99533,0.7680292908210802,0
3.833482499024206,8268975233.885221,0.2933336341472419,0
0.8687533311114346,35356544348.765854,1.174884643538568,1
1.8311576159486176,737060454.4088801,0.0221231062310903,-1
0.3999933765854714,42324724185.08437,2.0388433666563324,1
4.893236633123763,9501000186.786633,0.3746823608972905,0
4.131204581610609,41827755968.68033,1.529118235949091,1
0.9274533936344764,6058001354.572243,0.1973512714163986,0
4.682255784011715,83677839.8930506,0.0032322376489929,-1
0.8762414816823207,9062917248.697924,0.3003401775369701,0
1.665849148777794,323779583.67917156,0.0096934428897994,-1
4.179726547597512,6688172014.194875,0.2457014947405989,0
4.014482281959499,19889970182.948895,0.7186096338692614,0
3.751243773769166,737469667.1904564,0.0259443699471074,-1
0.3800936801978457,31377758483.981064,1.560643929494551,1
4.791616892573965,6646358179.414238,0.2595104982965558,0
0.0098084043274452,17907641492.685303,23.280350822240777,1
4.184086197234175,955396675.2735636,0.0351135544888575,-1
0.2268278118309143,14329771897.967505,1.0247417882021457,1
2.8096009245672966,9724338523.483383,0.3119704728078495,0
4.171660567877962,18454407510.159695,0.6774037312358591,0
1.2626714237671572,3051667916.1414385,0.0930763228181271,-1
4.454541007052958,3572166278.1054096,0.1348972805445102,0
4.8827026960528475,508934930.20148057,0.0200497617843095,-1
0.0605162274313735,17563237949.266747,3.926430892398965,1
1.0555284165674426,477259105.75529605,0.0150387321606498,-1
0.2962852671393838,9753286057.084492,0.5731833793940934,0
4.00189961441132,6195093348.42415,0.2235396260931626,0
3.004150247428259,8615700961.749657,0.2814703417200682,0
2.7471563329878936,9951089311.24676,0.3174470685623981,0
4.529745769587271,1678898277.3047893,0.063877899803276,-1
4.705862504307019,3873426724.81908,0.1499685778926244,0
1.9131892356453537,5719742678.094258,0.1721464257962686,0
0.7363900723154313,8583850541.54356,0.3025210900713589,0
3.1695808756579873,43330620207.08562,1.438367879186631,1
4.793017625107796,8897832621.65167,0.3474682839778024,0
3.4976233288785448,24578262283.567684,0.8428529660188785,0
0.113831236190019,94446851.36543296,0.011921201960116,-1
0.8567755160374423,12164939236.232166,0.4060460992221965,0
1.6219133419117568,3982073591.034761,0.1192282285899587,0
0.2524912481008698,17264896651.825943,1.138922460869812,1
2.882144864197768,2363782911.991491,0.076341806966211,-1
0.1455774206182554,1909442965.6220448,0.1951455644003827,0
2.10659712254704,2959320490.6618466,0.0899001709498338,-1
2.4563992027549846,5637075518.333074,0.1754461811193226,0
2.2461191712028694,6152904875.463681,0.1885561356927285,0
2.1530575993580996,24723629728.657547,0.753135377657655,0
2.322358603241647,8981954602.226885,0.2767241707960358,0
4.933088782189611,22866465688.643757,0.9052770392568305,0
1.4256270742776012,6114566477.25295,0.1840979668220712,0
2.578326019283986,8765682859.913124,0.2755528226111247,0
4.9623421247553035,131698163.62345275,0.0052287657503618,-1
2.106341921190446,48805448569.71827,1.482622156129782,1
0.2833689485093472,3187607673.951409,0.1933417422249584,0
0.7732188572932152,26465115145.007996,0.9154936662221644,0
4.269197547876696,939241550.6296988,0.0348166410628629,-1
4.95315376096501,11357497225.70926,0.4505197077113725,0
2.569600808853737,1710726062.3058665,0.0537379615844681,-1
3.3315343598843143,39712654447.83843,1.339461628504232,1
1.818769051078913,4605395276.793565,0.1381862171628049,0
4.560995617280336,46894805258.165,1.7897826578026528,1
1.13949400989058,2602687405.1577196,0.0807210188190995,-1
0.178715684155751,4451838799.0884285,0.3840941093896569,0
0.6988323645217663,2577944268.5810423,0.0927948108230197,-1
4.245983245544764,37151456761.77094,1.373953673719747,1
1.9646561943083585,3603984428.379443,0.1086978116105633,0
4.06022918649822,16398929619.36882,0.5952252820350262,0
3.425292865524318,7195255100.99393,0.2449639790637106,0
0.3508555511917061,4717073457.091296,0.2470712283864541,0
1.502250924139824,2902186641.6526265,0.0870936476006346,-1
3.018236483380783,37355664335.43132,1.2220300101929316,1
1.293540835915027,355055723.8175861,0.0107950027034457,-1
4.28169883531422,2210245479.243876,0.0820343009784149,-1
3.8290384612434254,2225933464.786066,0.0789272830790496,-1
4.511562781194738,45981262411.99123,1.746309305107652,1
1.775994010594906,8264642621.555742,0.2477378554345473,0
2.9415345966492144,26232348320.98959,0.8519305927777712,0
4.263624759830375,5833568217.86617,0.2161228373280079,0
0.769948320295192,37234965818.798,1.2900822164916974,1
1.9744789952121289,9914418024.578571,0.2991536230106273,0
2.19312685950336,9921839996.0585,0.3029977938149225,0
1.187891884122792,7975695846.918287,0.2455358099638231,0
2.540807099038529,27632142745.81147,0.8659115170556642,0
3.6740843438470305,3809823441.455489,0.1329900534588616,0
3.6161160058978585,47266065264.56299,1.6403053837774266,1
1.8837739891106977,5958204790.612973,0.179131754069315,0
1.2501361260597963,24317967797.13758,0.7427363854782524,0
4.955759242159593,8717818881.839941,0.3458988582302992,0
0.6913908020546706,18287402013.343243,0.6612126252378392,0
3.481984252960134,1395425542.424636,0.0477778217690042,-1
2.9586227143041417,20823881005.12297,0.6773737561814507,0
2.4282169984204103,1973515175.028274,0.061287216917719,-1
2.2716725632767805,46940790178.80553,1.4410187059289608,1
3.776922134180108,9716839888.499285,0.3427293479259105,0
0.0296083796954828,49617255410.23944,21.873324670776377,1
2.7504292464142193,3021827450.1349096,0.096426810069309,-1
2.580297246878481,684506469.9445463,0.02152131334469,-1
4.070051309028626,6019559455.786082,0.2187063008501462,0
4.885099691254493,26340271600.98004,1.0379320829560192,1
1.0245970235367834,9233619334.53609,0.2929832766882395,0
4.816980962214262,44998183216.53805,1.761356930977854,1
3.889204385188231,4186350809.851038,0.1493459477887948,0
1.4990323279169586,20696454511.00095,0.6211599957142923,0
0.9046954165937534,5583826659.248379,0.1832373450828722,0
0.602554228868027,37556292346.15441,1.4441217004123592,1
1.3383404543922557,9591737917.538836,0.2904700561515765,0
4.250149256977307,44210199645.766205,1.635688578853006,1
0.8196285206898948,2225824146.3428755,0.0754060008921658,-1
2.805087397770683,36501514527.30567,1.17053813661455,1
4.393852154447236,8080951922.58401,0.3033194461800118,0
2.455419101408841,39495195859.771904,1.2291380412568238,1
1.3874604605119936,8107935646.888035,0.244663182345779,0
1.5598908395899458,4316808882.277791,0.12935256460432,0
2.73430274641768,4385944560.118689,0.1397541096287113,0
1.6545660379500715,11960288279.829742,0.3580682501669268,0
4.587891997853283,6868269513.899072,0.2628346984154758,0
0.7863650674134568,42589961537.18689,1.4641950498329752,1
2.877350155587554,6898403674.560426,0.2226948090527,0
0.7866376464470254,17897598861.357243,0.6152218258297346,0
3.575260815798598,1046342640.1666682,0.0361628245865902,-1
0.5348956301747755,33852410296.419266,1.3812687222773945,1
4.238311510644015,7319401914.856675,0.2704810247354559,0
0.727320614873272,37993278624.74877,1.3455710624644937,1
0.7909032575207343,4609653579.898139,0.1581445996174083,0
2.5723004068024387,40829306634.6349,1.2828358871477443,1
2.8626426191390673,1720677586.9364283,0.0554714139595821,-1
2.151357813419291,16368283693.861517,0.4985618394801295,0
3.877797561680087,411236514.7341705,0.0146537382466242,-1
3.3499321180347055,39306255684.027336,1.32817854019712,1
2.831191368213459,9044789198.170073,0.2907433876605968,0
4.801450012475843,5606039484.13036,0.2191021692625944,0
2.5768819965577423,8122304149.920265,0.2552969220609158,0
0.1067132141244608,48448444130.78075,6.471692378528094,1
2.9433081187189893,4440749197.029928,0.1442433473947133,0
1.345332325255887,13735022329.92871,0.4157117657470633,0
3.0721687907013044,1938498146.9274845,0.0637436879702027,-1
4.255255824707578,48709473340.95414,1.80307802167108,1
2.6988638907156175,7336674994.410002,0.2330423607251978,0
1.4446563649807709,18686430507.55178,0.5620724404683667,0
2.8757337512851846,6482330369.835757,0.209231714625576,0
3.945953468420029,30124447621.418133,1.0808600202480922,1
3.432688472322144,2155611813.2116218,0.0734425110331305,-1
2.4893056555635726,23900899464.878407,0.7458404755582578,0
1.7169651415629943,216131717.04455215,0.0064727641383736,-1
3.264103582111265,26475132659.91807,0.8870377226788768,0
2.5277690571584466,8227410194.056399,0.2575461348181655,0
2.095856295490247,37285009703.47314,1.1319781029320408,1
1.1435755044153124,3832132446.802162,0.1187719365596935,0
0.8097532648548816,6446694087.69198,0.2193225208714843,0
3.954263300457808,1166336985.6672738,0.0418831490907812,-1
1.8399667194111795,41124972851.43725,1.2346882465057758,1
2.24392010750343,855828881.1171423,0.0262230358231586,-1
4.416594719232757,48628936068.98138,1.82944863772018,1
0.3304714522748623,8110937299.048285,0.4421190389703566,0
1.303410801783035,34964068354.66722,1.0620419509879484,1
3.542965286391122,8668626083.063408,0.2986263264154185,0
4.622615564826278,17449738746.64857,0.6700689356847376,0
3.5032236009154074,3827269650.330291,0.1313208503802775,0
0.988238991962622,28028476664.97843,0.89739054087688,0
3.642315530863931,7945240903.408687,0.2764581502264203,0
1.2768174289428162,33193096608.97801,1.010879320874588,1
2.6926809746034506,5409966564.243757,0.171748725831098,0
4.106098921841765,46332310555.28431,1.689509545420031,1
1.3024576594253985,4811268346.44484,0.1461564091743444,0
2.6921790301439965,36828644245.527695,1.1691372152245378,1
4.1981926595236745,8004175473.08599,0.2945944659840693,0
4.124909484019876,5032801033.507144,0.1838698607029457,0
0.2739966540252678,9657224274.154297,0.6000732205011897,0
0.6326363297019667,40820212362.71185,1.5344256736675324,1
2.785934496558697,7299346277.769649,0.2336698304498341,0
3.1616222130221323,5174771531.503179,0.1716441519615515,0
4.826302517373685,3866352915.716509,0.1514784547615994,0
1.3634723248286928,28703371272.949043,0.8675678851680797,0
4.236795539889737,3042049788.5224743,0.1123987062620808,0
2.9903840492901637,48623182788.5556,1.5864145650689443,1
4.692743104153571,7207448843.0589,0.2786917868652351,0
0.9879280484922892,34117583024.013348,1.0924347676685917,1
1.5652236439775316,9610003216.790318,0.2879336322259731,0
0.2481452189796278,29434439400.584743,1.966931078102964,1
2.849185223444317,7222440828.269565,0.2325488002378854,0
4.784392118262406,39846660136.53645,1.554729617076384,1
1.02225366247587,8315877511.225819,0.2640089797550512,0
2.110223752061169,1322525843.175012,0.0401849120767221,-1
3.0398002362977756,83147256.08850257,0.0027256439930551,-1
1.683765282440177,42123139489.758064,1.2611794336065862,1
4.749947567706912,9301643308.917782,0.3617024350613579,0
4.110689463916713,31611044755.205204,1.153231995099377,1
0.2102419867991054,4856488646.83369,0.3682587919505447,0
3.860022914719067,35305406897.47437,1.2557905027244274,1
2.747591204466733,8518531213.613921,0.271758002511736,0
1.462998896065484,34593460945.92755,1.0396779038008008,1
2.170862522157187,7711970325.100231,0.2351811554361469,0
2.9985724462633963,48760521446.9716,1.5921345275997023,1
4.537164194912655,3502740965.4538584,0.1333689560299307,0
2.3679413520912833,43795501226.692696,1.35382057143731,1
3.699436504470577,2212219603.885075,0.0774201680044004,-1
0.4291567837799524,32452942942.88734,1.4978269211111266,1
1.4507035656178116,8501557895.945922,0.2556471784396095,0
0.2669174336066423,6573630638.35836,0.4162970847589962,0
3.906992561633841,6418647878.704007,0.2293943574897041,0
3.3606166279867113,18005161469.65001,0.6090502269230518,0
1.2105553919110252,1727146667.513427,0.0530074453073205,-1
1.6394831728856207,48951588720.57589,1.4655514365602451,1
1.987900500022895,6164717058.926639,0.1861254241359928,0
4.295488020058319,42797444645.51578,1.590648223797571,1
0.4581176172099897,556111731.9834778,0.0247028993594802,-1
4.360337507485608,9654931602.908571,0.3611851098206749,0
2.536116169941221,2004899906.24649,0.0628034154122482,-1
1.3358646595438228,19279800325.844017,0.5839742725063901,0
3.8491179339665287,1290638167.4661634,0.0458565588045311,-1
4.0860057609879235,45038904061.95975,1.639018579740466,1
2.577314938352272,1167010012.0395122,0.0366823147736744,-1
4.1196448593936665,4013976285.097877,0.1465699623559965,0
2.204069619757652,9051853521.051262,0.2766242936829196,0
3.804854312936504,151282758.71695954,0.0053510897994099,-1
1.621590666079277,6900685417.144234,0.2066155178335474,0
4.731640107369492,48654163932.13315,1.8885510740803904,1
1.8905308859509171,7309974485.440402,0.2198242972069586,0
3.919577889287109,41644769607.71616,1.490227020471272,1
1.7956072939940646,322793730.08900326,0.0096800193279239,-1
3.303364376554212,2711897137.8352265,0.0912141120279535,-1
1.675725392524868,9701896725.383623,0.2904673729824271,0
4.06703088047637,36793129164.80757,1.3363827704391351,1
1.1794083625676446,5200214420.162296,0.1602859311494315,0
0.2246352985601784,16904270320.68343,1.2178661678921152,1
3.874303015997714,6060918336.129817,0.215894553996484,0
3.0720039979273976,35118354538.03277,1.1547794901967694,1
3.160813987253168,4907018528.179163,0.1627501133752279,0
1.550556608154121,11636266470.18107,0.3487453009975179,0
2.4147848966623804,3588089562.2549443,0.1113116556662402,0
2.8037654731903827,25135724312.847954,0.8059605411263623,0
3.7230058774870582,8859261899.745743,0.3107830350525813,0
2.555075668453461,3762393672.9006233,0.1180423067727111,0
4.298887305220803,1972219598.057898,0.0733263006460867,-1
1.6628902451980978,15262118446.27227,0.4569211648417285,0
4.3917613095343375,4883415206.765745,0.1832612030538657,0
2.310663544588252,18720231956.95989,0.5762650640574216,0
3.504111734380227,246886861.392616,0.0084719093815482,-1
1.7647266497399676,42473454382.730515,1.2728933000589333,1
2.1131075187088384,5428921386.653188,0.1649850451316218,0
1.3313150396672742,1195143117.7486973,0.0362137568883913,-1
3.902946026452235,998878490.7896724,0.0356840466398791,-1
4.206787775683587,38124633557.00701,1.404395525666894,1
3.242018607169411,8693225610.227093,0.2906296381964847,0
3.3184245679614426,8930643779.162128,0.3008288437429321,0
3.1290325978757574,4380273220.692292,0.1448310361345817,0
3.647885021701217,37355090639.505936,1.3005171228269967,1
0.7637206879309119,6234413890.846055,0.2166625457942342,0
4.435470868432822,35850967848.03851,1.3512804016891469,1
1.4929735526418235,246048315.3700373,0.007386152577151,-1
0.3001798141161204,36207124504.22059,2.1084262025307807,1
4.357934672424854,8346655992.437509,0.3121681680280363,0
4.887036147835737,33121096440.840813,1.3053758299879346,1
3.065952670597776,8051741890.024165,0.2646072483957739,0
2.8253524243799735,27440450269.80003,0.8815970307381835,0
2.9240463195754125,3253844188.417564,0.1054994706134987,0
2.438178512550178,2728840688.052553,0.0848096577453169,-1
1.944717557042999,1151585130.611536,0.0347027423896417,-1
3.2386684124496967,20250236071.54812,0.6767774409011552,0
0.863104715618532,330777859.2990363,0.011014596124805,-1
2.7836967730556355,40617425749.092125,1.2999989698024383,1
4.553425104212439,8951542362.594297,0.3413867979334659,0
4.377045936947404,10480305464.62214,0.3927183766726468,0
3.645973420337575,2788081203.170327,0.097048306981078,-1
3.854691615437781,42932223082.5217,1.5262481997416009,1
0.7549924074025776,6766276391.375661,0.2361729763920938,0
1.0812438844659595,45664751589.6955,1.431317483049951,1
2.967454792803743,2363048165.265334,0.076931076739069,-1
0.1639000857145315,27592201698.04492,2.5548687648114075,1
2.5336595515262346,2318290516.465872,0.0726056462075727,-1
3.987700299151962,11968283949.252333,0.431236249654964,0
1.7980901109458425,8646317850.784306,0.2593027965495193,0
0.7325791501881266,23517515202.122345,0.8305231004249464,0
4.86097370874345,5431017563.72615,0.2135036726919688,0
4.520062663738312,7582566552.093684,0.2882199225560906,0
2.0298482448109527,8077669784.268305,0.2443763491754239,0
4.823323925171029,2686396020.922251,0.1052186148280279,0
0.9469420505888808,4372234065.567766,0.1415977266530768,0
3.487612205501343,45213562690.03189,1.5489357415297678,1
2.4199985211957395,5590182044.148877,0.1734915518537176,0
3.3767197454670383,42750245276.99733,1.4484071196807689,1
1.5001214390726108,2948344009.095364,0.0884850416830285,-1
1.1534359934470582,43973608482.39967,1.3607463943139906,1
1.8503852551546192,2209212279.748499,0.0663473293847844,-1
3.223309364733271,35868736175.59118,1.1969503817253413,1
1.461931035589648,1607666432.7805302,0.0483193059280914,-1
0.0169991426531646,34351187387.664143,25.98756224971638,1
0.7076332535183961,4670065826.499995,0.1672373028104438,0
1.56365450371658,12692717065.622252,0.3803084177938174,0
1.89761127192214,2079162961.4088264,0.0625400945764105,-1
4.301719781130019,37003123835.78782,1.376151885398232,1
4.52923353440139,5923765789.3856125,0.2253730549371062,0
3.9644563903879058,26705252271.57316,0.9599741824301852,0
3.322059712529693,14481599.748302097,0.0004879886887131,-1
0.2740288664934848,16401085630.068497,1.0190315965861352,1
1.0652767315112035,8336704604.199544,0.2621547135122373,0
2.3848856587226335,25146343991.003662,0.7783231259668529,0
3.65873683445425,7990682467.5245075,0.2785002440891539,0
1.7419355022236636,11357330565.164516,0.3402408838777526,0
0.4943641804310931,8660780413.754927,0.368596088028383,0
1.7696242851939832,48999474180.09211,1.4686071113437928,1
2.246838318776585,8775637082.83974,0.2689429879959413,0
0.1290006799674233,26956203154.59301,3.0530729376412653,1
2.6293127119243738,4266397949.667957,0.1346991971107874,0
1.598425799399221,27791034670.31035,0.8322683694033,0
3.5796378104183235,2231391791.221739,0.0771534877878244,-1
4.3980868633449965,33315078377.315353,1.2510150987492747,1
1.7115522241515422,482329448.1471935,0.0144441092099174,-1
3.930302919351864,4578117976.552796,0.1640023248680966,0
4.429400043493471,9731224986.836876,0.3665630849205254,0
1.8090938495918292,32614677767.70068,0.9783717215645288,0
4.395222043479766,470676670.6733061,0.0176693235538575,-1
3.013926260729889,15267337759.513325,0.4992407874402629,0
2.31949481174015,3051150406.9389687,0.0939831757383875,-1
2.693407264947503,29341310056.325573,0.9315500978593164,0
2.4086562951098345,5471905650.07624,0.1696723145211597,0
0.9107208579407616,36012670978.243355,1.179445041962487,1
4.78185943513238,5990523485.0004835,0.2336789738282933,0
0.2468810673398517,37699066008.86034,2.528819072318254,1
1.1194794271878454,3979267388.5178065,0.1238374530161806,0
4.116161853195511,18586840403.090553,0.6784583004648176,0
1.7085663517234746,4009004884.2752786,0.1200524636754581,0
0.1142942592154616,14405135406.673355,1.8117991191680392,1
3.5057431233533536,8009871611.220764,0.2749033081708095,0
3.7230670103023695,21858756489.776947,0.7668102283103877,0
4.438732682909548,3045113280.922003,0.1148125950377493,0
3.1945561997911924,39442041366.308945,1.3124865624558912,1
0.2905165763619503,2585134848.086859,0.1540461340924999,0
1.0925308822945232,47714863000.67701,1.4922905457542956,1
4.039622560181209,4650261567.55646,0.1684377315813468,0
0.4668542574892759,23132032194.830914,1.0164979695019902,1
1.0045551817186682,2592181940.031462,0.0826496403343198,-1
3.449406357727794,36860255522.878685,1.2579439754181694,1
0.407192259327992,6769399082.581874,0.3225267743890109,0
4.471759162273688,46711173204.73197,1.7670074520906418,1
4.278457426719063,8959184212.45501,0.3324160952533841,0
3.0389445078286,46460212301.97905,1.5228838751714762,1
2.9906591278094257,6042717333.613843,0.1971591488222158,0
1.7415728343026993,44305997574.33442,1.3273040577575017,1
1.7561942257511536,8002238670.366338,0.2397840950908997,0
1.7160156051287574,38005932012.70119,1.1381991353980798,1
3.2564708689998194,7706947015.39261,0.258023633194136,0
2.702633479216921,49405959832.97224,1.56985469114706,1
0.0740051714140118,9369654128.428446,1.7394896615307591,1
4.9102526116110194,39552556774.624016,1.5623916994682725,1
0.8782312096669626,5471002545.937714,0.1811769538528948,0
1.4782037032970614,14977577922.346603,0.449859217097503,0
2.4343859818166527,7925471275.990118,0.2462427284839851,0
1.1369022621350544,36200101935.69962,1.1232110485283462,1
2.1877640244238203,657923549.1750739,0.0200851136039967,-1
2.665393879393504,1950346230.9234512,0.0617692547650691,-1
1.7716512976833838,6597318661.509822,0.1977418512342023,0
3.148525124201372,16677825134.4647,0.5524881956475993,0
4.909932261268411,2600524403.8369293,0.1027218230369818,0
3.301215643454974,21060448492.29929,0.7082132837796263,0
0.078721552653047,2434984406.4673314,0.4272578416777621,0
4.541121797787986,46772746607.93725,1.781601352034325,1
1.4369644115103233,4326732109.857528,0.1301935086952781,0
3.890205456358194,48773187349.09049,1.7401349746578278,1
1.113886146704428,3076442143.0994577,0.0958361570592309,-1
2.0972918366423903,48925776244.24758,1.4855135946878897,1
0.1670667531937394,6020489884.922224,0.5487605328381108,0
1.1398381622219211,1113855720.1353524,0.034543700127361,-1
2.35364544682532,9877461509.791033,0.3050107547361286,0
2.7166261443942026,11310971679.32553,0.3598471778014717,0
1.8904550421586224,1377112235.37602,0.0414121714404474,-1
4.79437311042486,10916317993.696589,0.4263486867264111,0
3.384532315304525,1618901882.551681,0.0548921836629381,-1
4.580990873887325,18414751890.379436,0.704212600958928,0
2.9954221312039264,1278343249.8703372,0.0417281143603553,-1
4.362573893809054,20320203607.22091,0.7603367412657971,0
2.189342545808631,3827050445.7895336,0.1168440578042201,0
2.0854437220783733,47028735780.852234,1.4269687623358218,1
2.617843141635594,8464924403.814228,0.2669926644691651,0
4.246313211400678,5244380966.812862,0.1939567430599997,0
4.2746831731405335,578403073.3567015,0.0214525792252605,-1
3.7338219265489982,44739967339.95516,1.5711947520430436,1
0.279926907451186,4287689581.064424,0.2623508449450661,0
2.891197609836977,41526156078.57942,1.3422772608995364,1
2.998791218479617,2079163015.31555,0.0678904990345074,-1
3.968654128705331,37612229055.48007,1.352621405921277,1
3.538847516452864,3459512417.2375994,0.1191277644120353,0
0.1861138462832942,15718187750.070463,1.3125263166424703,1
0.2329711957547284,8435850624.602223,0.5911078695222352,0
0.0047956125701107,27119184459.302498,71.67879176128814,1
1.0060105634471848,6402438586.922952,0.2040628243199299,0
1.0985180104413812,48382727631.67885,1.511459874575739,1
3.5734608264551797,4182534581.542837,0.1445271023483449,0
1.3584850241361377,48113337126.441246,1.4547695360183777,1
2.4592732921711855,1296818722.793571,0.0403708792664664,-1
0.4732743819241878,7553200837.232089,0.3293544193781885,0
2.1875012238707936,1038630290.7521276,0.0317068134192659,-1
4.274110186746211,21886553832.520218,0.811710770520729,0
0.3858174106937613,5932629222.927174,0.2922971857430464,0
3.5947388818693145,10413498068.535212,0.3606090698500736,0
1.049353898565342,1173169364.579323,0.0370166779184621,-1
0.5901688983421515,5407258610.584517,0.2100009740166597,0
2.1630842408597037,1134115005.074802,0.0345688462102998,-1
1.405571152208907,14288800086.13796,0.4306930741775158,0
1.041617566244311,1980240011.7839,0.0625887286701758,-1
2.0258330183721265,36196992433.2511,1.094858649138551,1
2.9203567170082065,6047704526.085555,0.1960170690486358,0
3.33098995462911,10683678948.519812,0.3603285951758945,0
0.0130510333738046,275518786.90024066,0.2702260462200421,0
2.295192558875934,44410782207.6514,1.3655946024013803,1
4.065120870355267,1482894462.7940762,0.0538506103302962,-1
0.9085766959012695,1341421967.8582382,0.0439634770196384,-1
2.8448691532691055,2608639916.729697,0.0839598310540326,-1
4.715594685843466,33921786653.0304,1.3146209476624664,1
1.8199614606232395,7166199156.424402,0.2150306009093104,0
3.114047092186124,42763764963.86584,1.4119034822087415,1
1.112924354277692,9438933232.395468,0.2940888478662229,0
4.173666816735356,3162072618.867522,0.1160932842541513,0
1.6087511922942337,1426070042.7703738,0.0427026201995214,-1
3.919385062847298,1593931854.571318,0.057036550307123,-1
0.4696202160598816,3184107646.7322326,0.1394516792571004,0
1.5324417818586569,18747059158.53335,0.5620984348712356,0
0.2747668529360116,5208586816.378405,0.3229919839609114,0
0.8180589843447539,47774541811.23848,1.6195681483849755,1
3.4962278811216176,7307934419.054363,0.2505731329872053,0
0.5423768954959175,29129880114.536133,1.1800558001545125,1
2.8719675477079085,2940323808.359614,0.0948723902519223,-1
1.2591479898138964,13445447898.072424,0.4102462377136683,0
0.1632093336082027,6891493890.568575,0.6403341800235547,0
3.4857230622921023,36949219127.1133,1.265574427951505,1
4.262540983433639,8848124485.089993,0.3277708319198581,0
1.8792093446569265,4507869621.6989975,0.1355066180478223,0
1.7190266352068877,8665509624.634466,0.2595226056022658,0
2.5222400961658424,36425812972.664406,1.1397352322549168,1
2.057992563944585,5332153111.38274,0.1615502015076505,0
2.7667395733291653,41073153791.31882,1.3125720957449956,1
3.794362968220286,4418759576.338414,0.1561321884103267,0
4.869688566322367,48407150869.46389,1.9046005851951804,1
3.92212009881984,6613475788.696865,0.2367191521578469,0
1.0163942894854818,6660165836.912529,0.2117397500650722,0
3.064407368005075,1280798386.0549638,0.042085073639945,-1
4.099348217631305,25270931590.72436,0.920878039947477,0
1.2976661805222884,321435519.3237893,0.0097689586364342,-1
1.9731920475241485,30784693408.68655,0.9288312982209266,0
3.6889487670994527,9675548317.639437,0.3382529195295007,0
0.2879601278988383,7834906969.986277,0.4698112903699745,0
3.729980414351107,5873882215.914764,0.2062011205535009,0
2.7110914654542646,19396543087.561943,0.6167787357605539,0
1.077896118882942,5972094799.006019,0.1873144350800252,0
1.046427843392155,46464758043.996,1.4670296191989225,1
3.8973237620015104,9635428897.175442,0.344021454702512,0
2.4895308853015417,13088092605.89155,0.4084284138495404,0
1.021217021462359,6341343109.738079,0.2013717079369099,0
0.9418008740786172,11069966327.99202,0.359054341949817,0
1.2205000265846455,1907263524.778097,0.0584605542255157,-1
3.690354623088275,44463395891.88373,1.5546414405493485,1
3.0770143999811617,6897959272.102485,0.2269317150000765,0
0.5191157380024463,16252419342.832355,0.6736713345128327,0
3.9852399238367657,7826704847.317123,0.2819384596430656,0
4.036056896741895,19240082489.404037,0.6966465690686038,0
4.072259463393644,3797711303.073714,0.1380115253095686,0
0.4980431815023531,28036633210.368484,1.1883818747976396,1
4.050748375401785,1090608637.5524874,0.039547495172331,-1
3.023641577460553,47338528151.95357,1.549402988865206,1
4.182655210226498,1816544449.6008904,0.0667535712049796,-1
2.1731331133725034,29878855103.93633,0.9113026108343898,0
3.1225759894674043,6788371817.443266,0.2243127055417206,0
2.9444491615378365,5482736608.694308,0.178108066711428,0
0.5278397231607107,2262440919.4972434,0.0929569986587981,-1
1.6230518868784078,49383183644.88745,1.478583316775525,1
3.770053637957347,3203212141.741242,0.1129042760331527,0
4.593282490752217,13122898961.189804,0.5024552953587744,0
3.3168662250737713,2901726404.6295195,0.0977295931971543,-1
1.221312713162379,6813496862.07006,0.2088227137152344,0
4.898672549900097,3944489423.686328,0.1556378646733436,0
1.2685383151026597,34292610059.16293,1.045270188442289,1
0.3220135952623543,7325731057.973364,0.4063996581896745,0
0.4209383494346697,34624887236.25647,1.6167151617148343,1
1.5669120519339164,6592942867.330193,0.1975308861233133,0
2.59830549090118,28614638483.815437,0.901033721262334,0
3.0922567273112613,7942117900.699088,0.2616674517945869,0
1.412690693389368,32520259500.68455,0.9798209979937728,0
4.278528494122629,8163325076.31466,0.3028891864358154,0
2.071793554088474,129240152.66144656,0.0039185342622773,-1
4.001744369360957,7835873924.921468,0.2827400244174843,0
2.8455177237110085,13132431021.44118,0.4226963395681446,0
2.651852189493834,5393912820.967522,0.1706290977670194,0
2.7489323331169175,765526361.8047004,0.0244247420524179,-1
3.1234090359909215,1761542038.707459,0.0582125157395973,-1
2.0483741090558363,42287077874.18543,1.2805397460962138,1
3.795395125634332,1959417474.476711,0.0692411667242234,-1
3.874613427246363,24341131953.091812,0.8670769892856183,0
2.8480715978304656,2943547337.485321,0.0947668751076235,-1
2.999964828161953,29183981416.57161,0.9530452110928584,0
2.4754928942738235,328462215.46841,0.010238477024824,-1
3.531376335433197,1465501922.1467772,0.0504264604319446,-1
3.1102989295113965,5998515321.000531,0.1979771811308439,0
3.027797139179654,45853965887.81976,1.5014092163276882,1
0.1519431400418214,8451262760.241955,0.8332786277754538,0
0.2292057046222244,32924506088.404797,2.3358128931456696,1
4.365897355775281,477754389.81153816,0.0178824561314858,-1
1.373481168470825,15401164933.945185,0.4651759965420102,0
3.6668791939489025,6820848568.026988,0.2379232714557572,0
2.8628521256704555,24376620919.48711,0.7858717059179661,0
3.6614089043196705,2522276196.4139495,0.0879329076185153,-1
1.839738872861954,46728442428.35009,1.4029110209502558,1
1.589707694932741,9418689947.696815,0.2820944746731134,0
4.665274282851731,49029358310.73714,1.890689601797672,1
3.768254425899392,4438710712.667402,0.1564236946005694,0
4.522730183176073,2526001782.67445,0.0960410103368701,-1
2.871247185005723,4294131167.678284,0.1385450434991281,0
1.5483356057139264,35433997178.746994,1.062027416259702,1
0.847043703282839,4964483990.193727,0.1663277027642414,0
4.237661684949974,49454498460.26089,1.82742106810868,1
4.822580234434609,2548818070.8606625,0.0998227919877562,-1
1.4214285325874425,40810337167.123955,1.2289992377648156,1
3.75000600959823,5309018567.115832,0.1867492565231458,0
1.1872923495561098,45382561984.32128,1.3972434573849983,1
0.6235415771597775,9649648719.477203,0.3651463941613764,0
0.2916994938143561,41108616226.0323,2.4425972157300535,1
4.762149027362646,7979679093.514381,0.3106695096279622,0
0.4313594066064129,6959960249.263889,0.3202501437647131,0
4.360250622751196,3056402043.0730453,0.1143371434756512,0
2.4000541147756183,6703355272.991231,0.2077199810222999,0
1.4584958665092722,9257171956.321674,0.2782711144265378,0
1.0143808594915449,32445510443.705963,1.0320075405569469,1
4.865117578005554,8523458490.628438,0.3352093061737153,0
4.847771671196789,38854221758.38665,1.5254610734638174,1
3.8580759362123183,8801029890.16848,0.3129853030623359,0
1.449445269954528,45205238963.18715,1.3594291729014314,1
3.640721713589621,5244821540.287671,0.1824665407970823,0
1.8835829488447065,8366593460.268077,0.2515376221161671,0
2.1679146877209647,4662923610.493024,0.1421725937002842,0
1.7540453851841282,937899897.5412585,0.0281028016257847,-1
2.164888159712518,7968607397.288426,0.242917387410067,0
0.92605241817693,38645326865.46326,1.2594963979210745,1
2.994975743049109,1959466395.8332968,0.0639588523918959,-1
1.0700948036577402,39338748191.92206,1.2358098040380912,1
2.5980693572297313,9622194099.317934,0.3029829478822498,0
2.9987838364073833,35592908849.67595,1.1622074020891422,1
2.7980876810142696,9242731888.094109,0.296209019809773,0
3.3612501768672507,33909571560.92149,1.1471118252001369,1
3.631657305297176,9226399087.21994,0.3206917749267515,0
3.931888077074746,16350409972.254696,0.5858160830472711,0
1.8767715096769144,4436616774.64745,0.1333537464028831,0
1.8027108798828455,46638544429.68909,1.398840804592934,1
3.6669471278513974,547580017.5287504,0.0191006912096788,-1
0.6858638094188814,9423066423.393757,0.3418603701596791,0
3.2642659003681427,7603594753.897873,0.2547591902553647,0
1.0553008110488675,10341023045.6363,0.3258679797154985,0
2.9641941726962675,6167484741.76013,0.2007258957661099,0
4.882535690803104,19470908854.181957,0.7670542724799985,0
1.6597531032888455,1212001693.559979,0.0362850871581228,-1
2.5846368391298595,36637364997.49502,1.152323442586148,1
3.0033682812329388,9704914541.626017,0.3170307558939463,0
0.944321244471957,28389693457.669415,0.920130293067656,0
1.005450752617528,9412800087.182648,0.3000527586747963,0
3.9973199351321496,29378719868.974735,1.059591623126645,1
3.9656484438149895,7492040721.677444,0.2693489825223273,0
1.1418264599107104,11462040761.867626,0.3553527175295506,0
3.958604402040384,3021587553.233315,0.1085528148208921,0
2.595919235831079,33726886977.372204,1.0617959903601306,1
3.920028130906677,2278252825.3369102,0.0815292905135954,-1
4.3484427651957205,45669944385.35795,1.7064499391852153,1
0.0329354574083633,6766313570.035092,2.6920098025056225,1
4.017149155232682,35855703062.584045,1.2957886756317691,1
2.664974806593035,9952461053.517303,0.315192058171782,0
4.139550259007661,23963035163.673313,0.876766196334999,0
2.4000848912936963,1310969086.954598,0.0406237031077147,-1
3.0626470496938336,23656811614.218704,0.7771949914040795,0
4.20800832714143,4479539414.587716,0.1650328791544938,0
2.514304082689839,15829439356.645395,0.4949692310196051,0
3.2196662646916017,7893188228.017781,0.2633038189361223,0
4.548427557496331,10091240243.568708,0.3846605644189016,0
1.9082723669176351,1330624465.7766633,0.0400402054511471,-1
3.782859552008363,7947874278.326478,0.2805032740594443,0
0.4115054778429061,785156755.1617055,0.0371682559530923,-1
4.904110090444648,20784133109.327053,0.8205157597222246,0
3.9958385099045417,8743136819.291937,0.3152883296358732,0
0.454029396890135,37219643852.49843,1.6618939760826024,1
3.922680453410113,2695983820.558593,0.096504046019299,-1
0.2352279784656377,24636140368.333904,1.7137147109766064,1
3.6740080323072295,5566556443.146741,0.1943110877889106,0
0.5785131425489757,36256085841.78278,1.421823766222778,1
0.0815526708604841,8891766216.434912,1.5108832062303168,1
2.484037897924806,25048346130.264168,0.7813157915521515,0
2.0110784514993427,264374513.80136183,0.0079907836136639,-1
3.908735023495729,14164938430.765793,0.5063262078605171,0
3.381902006383759,8703275562.32733,0.2950250663899879,0
4.518040370155174,7710710037.251269,0.2930317760598556,0
2.2472456554341464,9641505090.97925,0.2954869908895832,0
2.0061189175933305,37959138500.100975,1.1470492308999585,1
0.2812105499934639,4534556212.884078,0.2765477414343614,0
0.4217384355123521,36691338216.74093,1.7112429123455153,1
4.3877922963312415,8613024516.568394,0.3230948890081451,0
4.974717017891496,5839564393.442374,0.2321253481624305,0
0.772730107478447,5308454126.079455,0.183675643417198,0
3.83501505321398,11222120454.200333,0.3981552194417331,0
0.3919914691600097,5894091222.3791895,0.2875190880174513,0
4.855294248286482,47180674171.8134,1.8537317901908696,1
3.938245635168235,9672986917.248722,0.346794706158004,0
0.7348311195285511,43365211475.204285,1.529595401306775,1
4.915064206160413,4635658544.993506,0.1832021952800598,0
2.41290626593399,34532806951.44653,1.0711402227385567,1
4.497646307575716,2648210788.495344,0.1004363367142558,0
4.300914497231599,34844881066.79363,1.2957817635348774,1
0.9500117198305148,4430181031.798348,0.1433455706312936,0
4.43686063048357,40946070595.78231,1.5435372320269185,1
3.1802297747630033,2635768967.82273,0.0875858925899853,-1
4.6844295871995945,45733625126.71267,1.7669395857029015,1
1.7673813735552792,7641116643.912527,0.2290090363720711,0
1.421449875883283,672465187.4635525,0.0202511986043647,-1
4.577355164215646,3717132413.236407,0.1420984068996046,0
3.485129159161649,22628513311.09688,0.7750194357431285,0
2.650486627531087,5176247593.299578,0.1637241628918293,0
3.690393327469572,2138787625.257144,0.074781981933717,-1
1.4223488285167214,6766868663.284323,0.2037733963744987,0
2.5424970196914063,38924735958.5418,1.2199594116177568,1
4.428609068874698,8249606875.103459,0.3107278254136113,0
1.346183356786692,6125622922.65343,0.1853891652927041,0
3.822362627759388,4022397491.647639,0.1425301499750787,0
3.250817984999821,38839455064.14647,1.299595935506637,1
1.8772296675625544,6238888752.790581,0.1875284914705266,0
2.8703302640911503,15828851686.214905,0.5106557163168924,0
0.3455759811208722,4274518142.165001,0.226142807167755,0
1.123570207414195,37245977131.91043,1.1582898139689468,1
0.8595582733173659,5791458621.038152,0.1931064580919252,0
4.538152688295639,24854108295.466255,0.9464280701247638,0
4.431568466915506,9429314125.296432,0.3552674351022237,0
3.693760660271491,18901028917.30478,0.661092776627353,0
3.666613395387418,7365337696.607912,0.2569091250953975,0
2.0579683752574796,16664733025.89682,0.5048968909538777,0
2.2850709126047395,7548691593.67859,0.2319508198018319,0
3.148564458713243,27196038748.63833,0.9009296954306332,0
3.5210151072617624,8992464647.481506,0.3090999218466009,0
0.0287486382479905,26882046953.450176,12.192816411770666,1
4.064052289017164,8202985607.940378,0.2978553986384682,0
1.3716216267219508,28073630381.924103,0.848043737774639,0
2.6508460898391233,2671984380.763895,0.0845172171515519,-1
2.940079896747378,11516116035.227505,0.3739500763291218,0
3.8730938598765,8013073700.3343,0.2853969170045398,0
0.7523239494259466,16982294238.777658,0.5935601878996771,0
1.0057663523032834,8407369412.454562,0.2679815549428792,0
0.2382417810078411,2013492242.9055984,0.1387203151966357,0
0.1783486773432425,9874296608.16634,0.8533495399695773,0
1.0789482855867427,19895403579.003708,0.6238870158090122,0
4.728592025912319,5565457140.860969,0.2159628852012653,0
0.5187914639471758,4312418819.85423,0.1788114211187598,0
3.0138417796334185,2569744606.814758,0.0840297765608678,-1
4.042783674277032,40693160176.11494,1.4744229915246152,1
2.0121065624784125,1647426505.155604,0.0497963532663156,-1
0.6601279817403333,34804183208.72559,1.283631292418032,1
2.7325668014715316,8656682484.333147,0.2757945415475598,0
4.904634828726815,44517771596.2897,1.757562077020771,1
0.1889130310435989,9028959588.273636,0.7449918803302926,0
1.315119932271818,32314489990.40941,0.9805165468388192,0
3.4815836383280656,8673034697.567879,0.2969431593647746,0
0.5595077176346825,2116977051.869363,0.0844106912210953,-1
2.6145392772196696,5529891043.263974,0.1743693188569027,0
1.0409652540895242,30174460790.45454,0.9538522906696706,0
4.546954304060692,2839817625.1304483,0.1082330664930063,0
0.9036613868721416,37066122157.55765,1.2167692486440265,1
1.7295584919894291,6233203112.054931,0.1867012269235308,0
2.1742013660132704,24820624449.099026,0.757077525425857,0
0.3303783182210268,1204503652.8598406,0.0656687675405256,-1
3.085409130184787,20643013695.03368,0.6796718982958999,0
0.6510813141841046,5872146422.023141,0.2178967324742558,0
0.5342978933519221,29900370908.684273,1.2207255816864202,1
3.0574243748818404,2456603740.9261656,0.080666057247868,-1
4.752218058227643,10969746417.480736,0.4266634086575929,0
3.5802982238171923,4421550138.851966,0.1528914342779297,0
4.290578508018581,49427719523.281395,1.836169673301592,1
4.981269740957829,1453285327.5187964,0.0578055588098501,-1
2.335016770609835,48101776020.11213,1.4833254688415016,1
3.5855645813707677,3648670914.098399,0.1262331805911163,0
0.859216632777536,18347620119.504208,0.6118492607792259,0
0.680772967304154,3183234169.4305296,0.1158504333833117,0
1.2264953037380917,10536184551.486732,0.3227081218643641,0
4.093156137510852,9621293392.779484,0.3503829311325966,0
4.079494436690508,40974201693.352974,1.4901195682510888,1
1.6900592306001478,2258643607.7028646,0.0676268849737213,-1
3.7942354969786134,43453175551.66455,1.5353521344509835,1
0.9963657995958862,6724738156.840679,0.2148557055771153,0
1.5537324909816783,20282049889.761433,0.6078235745102767,0
4.594102180237419,9989340420.981913,0.382507337776483,0
1.254729759649987,35003910052.2015,1.0685599005771402,1
2.8941017826983737,8036055854.651952,0.2598249854274383,0
2.577739714857433,10323735439.02954,0.3245148259885044,0
4.408176280862982,4414890893.609657,0.1659510143699418,0
3.714081514119981,42233762072.302635,1.4802259245302958,1
2.9959306616780577,4050861221.51525,0.132235982128711,0
2.9127371173094883,31068608563.606453,1.0062718319965145,1
1.3501640495236256,5390056476.659735,0.1630774204881947,0
1.3252026699282502,13814521437.77764,0.4188058429512942,0
4.772577197329179,2884128224.077877,0.1124017761802047,0
2.862829404531587,37339236043.19263,1.2037676411760958,1
3.0846940241319944,8792186360.031178,0.2894630448356387,0
3.627662437702076,26028400598.930416,0.9043325466723668,0
2.945569048645927,2486406587.6071186,0.0807800579279998,-1
0.5425158346883932,45087634419.882515,1.826265712073007,1
1.852648062388364,6316663488.975544,0.189715896798588,0
1.0224031456730174,20236005057.66729,0.6424214767057902,0
1.4571762163947213,770341809.0119275,0.0231578705568338,-1
1.1797439583801528,47332319306.51842,1.4588504447262256,1
1.1672193706022598,9312394218.86358,0.2875546468383682,0
1.3271440979466644,29111388883.091152,0.8824056854791924,0
1.621730920585437,20164550.43685045,0.0006037523853183,-1
4.954047865297237,39366895087.45465,1.5617089969289957,1
3.806710882202232,896184638.2699622,0.0317052976114341,-1
4.436265051762876,34892442704.48544,1.3152563829727313,1
2.787013387527665,7588430714.931473,0.2429478883087507,0
2.3890361422958053,12866824964.79404,0.3983758844356482,0
3.1461016525270957,6693292012.1203575,0.2216771375487645,0
3.3860733845803144,44347010694.864235,1.503907110323926,1
0.6244850139251548,6080891973.371627,0.2299428341194823,0
1.0338523117099323,49036934728.959946,1.5526131755241874,1
2.816400539332355,8858639967.25458,0.2843741744864161,0
3.560845379472052,17042602915.873598,0.5881586527964884,0
1.791901762031764,2463066702.083817,0.0738568708463167,-1
1.585571657699059,6473857048.417118,0.1939059483189113,0
2.467528076473682,7828953135.689551,0.2438807404628715,0
4.598495665604849,15794210551.95894,0.6050484358584491,0
2.1334932705418774,875553737.6259565,0.0266398898210723,-1
1.898441255901696,18720849294.39856,0.5631299639416325,0
0.1761386417076866,1692574086.916191,0.1477603984967426,0
4.06033021047599,18401129177.46925,0.6679051190866342,0
0.2758362462450366,2122614134.0705423,0.1312581690215913,0
0.8483809118561672,34551155151.18644,1.1569833412277295,1
0.1306376142640322,2978127462.8973827,0.3336773252438821,0
0.995370892414047,41983238790.69631,1.3417072497544185,1
2.0758593501831797,7341801113.089899,0.2226511062875728,0
2.694935085653455,44894619542.971504,1.4255401543632915,1
3.724267390381648,7777006847.90818,0.2728522840903236,0
4.636103581929199,47515512303.96001,1.8270317573677215,1
2.1558564220438887,9201314052.704975,0.2803398638364416,0
1.3468869234755438,969761689.6128806,0.0293477855334356,-1
2.5051097911739832,6397284773.97437,0.1998862877015405,0
1.518821094746652,36743421662.92231,1.102095876962262,1
2.8896087243599173,8840104807.396242,0.2857022645610206,0
1.60794714365061,23416770163.799255,0.7012031000466107,0
2.0317173468617136,8582967065.196988,0.2596877640177845,0
2.9773793228921352,30915431813.58172,1.0074248923443312,1
2.8043447962380497,7493870235.480285,0.2402987242029196,0
3.9858317432792383,48708196052.02408,1.7547020869672123,1
1.057898069254572,9252250072.665262,0.2913967485475085,0
3.5415914024684216,29581783140.24694,1.018924963991545,1
1.1188913671891247,122148393.32863578,0.0038017336447734,-1
3.9181089984826056,42151983646.4443,1.5081532343590822,1
2.7399186493128895,1033930609.2111126,0.032961785139887,-1
0.9760888018830892,12439960224.620842,0.3995790878526501,0
4.466434053742635,5542337235.825854,0.209546238111737,0
4.689486335196536,43987782927.25619,1.700337075590678,1
3.906592197387446,9596898601.02771,0.34296713078959,0
0.5887872005307324,4174342195.650145,0.1623023091300458,0
3.1922775792688034,2016901158.9509904,0.0671001082832359,-1
1.5896929794583174,31847403894.0268,0.9538458561115444,0
2.390723755769013,2751351051.3435764,0.0851968019256945,-1
3.259076065237625,36492383117.96125,1.2220553174788669,1
4.853139643824497,4331625241.242976,0.1701539505603878,0
4.980578351758871,36336138921.46706,1.4452011979919437,1
1.2422740278657285,6978946126.33028,0.2133493546271719,0
0.942832050856064,46356062596.31631,1.5030972022405495,1
3.3751067965188444,8746695673.53949,0.2962963560014031,0
2.5797360516838577,49722663544.88352,1.5632378595705525,1
2.4219381516517235,9677921522.333529,0.3003998660030249,0
4.550282322345419,15029283552.098618,0.5729958393273482,0
0.9220945576848,4858910744.70679,0.1585542808316004,0
2.70319858023477,22536152412.44689,0.7161130149335744,0
4.003816287841215,4800182139.793805,0.173240132833448,0
1.0440146683007574,27612406217.154667,0.8722700301775695,0
0.9495751259598209,2351427021.7687316,0.0760938539047947,-1
2.019931587889918,3837491126.027923,0.1160394196089115,0
0.95333640662,4566236736.045665,0.1476055166883406,0
3.5891982584176247,7491963505.243827,0.2592945340916697,0
2.0540788184357575,5358227746.682503,0.1623066457455327,0
2.6486315525225184,1141727606.6365602,0.0361069171632748,-1
3.660229464598272,9064432491.447395,0.3159713672788922,0
1.7939082425369948,33443733932.353245,1.0028802890496975,1
3.156657707496223,8521829020.190899,0.2825273207291963,0
1.0256677426954046,29971897860.113422,0.9507714065251308,0
2.4146863227449447,7724931031.753924,0.2396451670623624,0
3.266738765270304,15118370481.365288,0.5066660710783724,0
2.8524624371981058,5814046566.775862,0.1872577775722918,0
3.429432638957298,10385417554.030975,0.3537200034420396,0
3.6653962708331105,218381886.2636737,0.0076164069251347,-1
4.08238885015714,20977902163.07034,0.7631318208826499,0
3.655048533324676,8954107314.511343,0.3119625056136911,0
3.653404562613802,8733055960.983847,0.3042105858131706,0
0.4536856083935717,308124460.2241544,0.0137640911541602,-1
4.096679109580903,49137195756.66616,1.7900874870493588,1
0.8263026557122846,9184023654.382608,0.3102694580392647,0
2.1355739233766697,15605404368.601938,0.4748739976381176,0
1.00758094247795,6014435450.165042,0.1916216886394236,0
2.9781876639213016,18970261227.403473,0.6182212758004373,0
1.4269543263170978,1049427610.0898236,0.0315940463439143,-1
0.7540087495941699,2941005737.748501,0.102705227406332,0
4.81473409541819,8910741128.394758,0.348714897859148,0
4.191515501263982,28546832998.376453,1.0499628557001748,1
4.314709467320834,6464843548.136093,0.240742135009174,0
2.7444980343266527,33329310799.39477,1.0629763823372615,1
3.777561156690645,7544979329.020677,0.266141352498178,0
3.801905470813464,12868038837.794851,0.455025425177493,0
0.2271134485130172,9493471895.864853,0.6782387860797663,0
2.663213557673816,5175452262.230348,0.1638801786278146,0
2.468459518960907,6559820301.593034,0.2043609827291665,0
3.2148417979806223,15948604030.282875,0.5317674014986272,0
3.246524056092253,4939245755.333253,0.1652008201603236,0
2.1825418320692824,38070569270.69523,1.1618354065187562,1
4.604811389646007,3810375383.1921287,0.1460602304869192,0
3.764932823067306,16743325500.45835,0.5898500153071831,0
2.7620425679929386,9154031067.7351,0.2924110253945439,0
0.2622504114774263,17511014361.042114,1.1233251417708523,1
2.0335274199460542,4285339011.822207,0.1296698571684965,0
2.1853482904738164,8467761479.085039,0.2584645175366101,0
1.1236866889732515,7932103778.115683,0.2466706365834044,0
2.619657886832591,13692246199.22853,0.4319350415032347,0
1.0101528270230424,9340963381.779371,0.297417745472452,0
0.2513004401680263,18405698637.808712,1.2184429832848338,1
1.5938213842601383,9600918668.438866,0.287537566010363,0
4.8202577053354405,24573866468.86616,0.9622002329253198,0
3.1333073362985333,9727507700.877146,0.3217676338880327,0
2.4831998623994966,24434819268.60165,0.7621271420996294,0
4.358512668554614,1035348276.3718286,0.0387246688480313,-1
4.887249394383038,25185494249.864197,0.9926368385174548,0
3.119768431338789,1738503341.612034,0.057430883933517,-1
0.4089888510974988,7927875179.924218,0.3767045000700014,0
1.4146499362314555,307111839.1833666,0.0092521161099135,-1
3.284314022695413,23445763339.644203,0.78710901925741,0
3.233561012295422,5924087406.136879,0.1978878260286436,0
4.224003031961684,28142952146.66864,1.0384983076410366,1
0.3475544936287173,2197482399.695688,0.1158193966013112,0
2.5168241257175556,7697031645.528294,0.2407273211528006,0
4.980045820449005,732782858.7300235,0.0291435439063021,-1
4.925630710353729,7367398620.5292225,0.2914613173068341,0
1.089702034258991,8045049777.600233,0.2517472602446001,0
3.802088097932629,35676662466.71052,1.2615821656608857,1
2.9189498681916652,3678000592.759172,0.1191949568112018,0
3.558778163618698,10413610418.627146,0.3593102422269734,0
,,,-1
